ID,text_contrast,paper_color_variance,tears_and_holes,texture_degradation,stains,condition_score,success,split,physical_damage,ink_degradation,paper_condition,text_readability,composite_score
02atqnjsbbPPWAfx,8.588511569602705,7.79219001512388,0.0,14.478513673117108,20.17958482671128,8.030226902368561,True,test,,,,,
03ge0EGAdvC1Cz1C,46.63873451109553,13.405141648143758,0.0,9.183328822684263,27.59477315037025,22.68239560581764,True,test,,,,,
04knp9flvyFFiwa0,48.28228387431594,20.932625459662464,0.0,13.044995919578604,21.291191980123177,24.51894323791325,True,test,,,,,
061vly0ox61zcjjM,9.946745005727337,9.679484996890013,0.0,13.95667959990033,0.0,6.8129257113726025,True,train,,,,,
07XIMeVcLOC43CNC,7.598574741650618,9.250288372310736,0.0,16.48621025818422,19.97473596349909,8.155653456208194,True,train,,,,,
09ZWIIhy3aQm4xZp,41.3,20.65510857314601,0.0,12.488114383879944,25.951970929518907,22.43003024596909,True,train,,,,,
09u7wY7A3tC57meP,48.310707865721504,18.28288332824553,0.0,11.881223378180808,25.855825524999744,24.339029308969685,True,test,,,,,
09whcaiyaFCWkeqm,9.143722747774037,7.664187447947631,0.0,12.72876352902591,19.56613638642484,7.962630442855513,True,test,,,,,
0AVFWH3x0dGYketT,7.473954142446055,11.018486103509682,0.0,16.301053113553113,20.430302882082625,8.49271677012163,True,train,,,,,
0Bdi1BTACzPv0kD3,11.621817383604236,8.455979672523325,0.0,11.095111202213792,0.0,6.868343138987527,True,train,,,,,
0CCrVKAom8EK53jj,,,,,,,True,,60.0,30.0,80.0,70.0,53.5
0DFBEVC6x3enGEDQ,,,,,,,True,,0.0,10.0,10.0,20.0,10.5
0DTMbt1OZQMK9fv5,,,,,,,True,,0.0,20.0,30.0,60.0,27.5
0EGwwN5J2iZeCBOy,,,,,,,True,,0.0,10.0,20.0,30.0,14.5
0F76zYMHFOoPemDL,,,,,,,True,,0.0,20.0,30.0,40.0,22.5
0F9UPVFDkUYwkiUI,,,,,,,True,,0.0,20.0,30.0,40.0,22.5
0FDQ9zYT3uCi0uV9,,,,,,,True,,0.0,20.0,30.0,60.0,27.5
0G3BpDRPb1HxQwoZ,,,,,,,True,,30.0,20.0,60.0,40.0,33.0
0G7ijRfOZFw7OzkP,,,,,,,True,,0.0,20.0,10.0,60.0,24.5
0GpYQYyZqpV8fBFV,,,,,,,True,,0.0,20.0,30.0,30.0,20.0
0HagWfv50QnVAbNy,,,,,,,True,,10.0,30.0,70.0,60.0,39.5
0Ip4h2GlIRuAbvoK,,,,,,,True,,0.0,20.0,30.0,40.0,22.5
0ItHi2DTkmP4b0MM,,,,,,,True,,0.0,30.0,60.0,40.0,31.0
0JyWVVHSH9E8N9kr,,,,,,,True,,10.0,20.0,60.0,40.0,29.0
0MyuuckTr7Vk5Tf2,,,,,,,True,,0.0,20.0,70.0,30.0,26.0
0NOtZTooF9xcrF5T,,,,,,,True,,0.0,20.0,60.0,30.0,24.5
0NxSR9SRzZtfiiam,,,,,,,True,,0.0,20.0,30.0,40.0,22.5
0OtMTL8BLzyUdITY,,,,,,,True,,0.0,20.0,60.0,40.0,27.0
0PPIgSLnC18UBGtX,,,,,,,True,,0.0,10.0,30.0,20.0,13.5
0SDEuPPz0ykdZxPB,,,,,,,True,,0.0,20.0,30.0,40.0,22.5
0SwQKfck5tvgcLfc,,,,,,,True,,0.0,20.0,30.0,40.0,22.5
0TKWS2TOSrKaupQT,,,,,,,True,,0.0,20.0,30.0,60.0,27.5
0Tp3uhMFGX4XJgA4,,,,,,,True,,70.0,30.0,60.0,50.0,47.5
0U9WVefldiEnb11P,,,,,,,True,,0.0,10.0,60.0,30.0,20.5
0UjSzyxS90zIyWkN,,,,,,,True,,0.0,20.0,30.0,60.0,27.5
0Uk8nMMGjepCrvvA,,,,,,,True,,0.0,20.0,30.0,40.0,22.5
0VMuvk9KBpJzmNPz,,,,,,,True,,0.0,10.0,20.0,30.0,14.5
0WcWUCInBgV1PWpt,,,,,,,True,,0.0,20.0,30.0,60.0,27.5
0Wg9ew4uHl2l8eJh,,,,,,,True,,0.0,10.0,30.0,20.0,13.5
0XFqMaOSzcSXCiQS,,,,,,,True,,0.0,20.0,30.0,40.0,22.5
0XlNQGqkURv7DMLe,,,,,,,True,,0.0,20.0,30.0,30.0,20.0
0Ygydx9Jb8eKFQY3,,,,,,,True,,0.0,20.0,60.0,40.0,27.0
0YlIhXDJWxUljI7l,,,,,,,True,,0.0,20.0,30.0,60.0,27.5
0Z68C7q1B4zB0jfw,,,,,,,True,,0.0,20.0,30.0,40.0,22.5
0ZEKS9pLg7MtFroD,,,,,,,True,,0.0,20.0,60.0,40.0,27.0
0ZJN2k63k8UR5qaa,,,,,,,True,,30.0,40.0,60.0,50.0,43.5
0ZvGzksVcRwCqqvb,,,,,,,True,,0.0,10.0,20.0,30.0,14.5
0aJY5MmeUQLNjuQ0,,,,,,,True,,0.0,20.0,30.0,60.0,27.5
0gWmNaermdMD62tk,,,,,,,True,,0.0,10.0,20.0,30.0,14.5
0heCwhFpQnxJmAj5,,,,,,,True,,20.0,30.0,70.0,60.0,41.5
0hoCQGQAX4lAGq4N,,,,,,,True,,10.0,20.0,60.0,40.0,29.0
0j0Omdm1ZwGkfEZ9,,,,,,,True,,20.0,30.0,60.0,40.0,35.0
0l3c2sxZRuBVhg2W,,,,,,,True,,0.0,20.0,30.0,40.0,22.5
0lb8z2CJVJpgDgZY,,,,,,,True,,0.0,10.0,20.0,30.0,14.5
0lk8Uns6GCrKnMeB,,,,,,,True,,0.0,20.0,30.0,60.0,27.5
0lw9A7sXGwIB6tFB,,,,,,,True,,0.0,20.0,70.0,30.0,26.0
0lz6epqbSN3Eof3i,,,,,,,True,,0.0,20.0,60.0,40.0,27.0
0mMw0RdPTZdCGBCC,,,,,,,True,,20.0,30.0,70.0,60.0,41.5
0mbbbshnl0XReeqC,,,,,,,True,,0.0,20.0,30.0,40.0,22.5
0mkR6NdY5gXd4l1M,,,,,,,True,,0.0,20.0,80.0,60.0,35.0
0mqbB5m2yIbe4NMc,,,,,,,True,,10.0,30.0,60.0,40.0,33.0
0od9CY9Q4CKZMFue,,,,,,,True,,0.0,20.0,80.0,60.0,35.0
0orOOw03WW9OTxEp,,,,,,,True,,0.0,20.0,60.0,40.0,27.0
0osXjXBzKJ98dANS,,,,,,,True,,0.0,20.0,30.0,40.0,22.5
0pAcgRa77LVPNKpY,,,,,,,True,,0.0,20.0,70.0,30.0,26.0
0pTrAB9K1tq6FYnS,,,,,,,True,,0.0,20.0,60.0,30.0,24.5
0prQKJOOxlNE1owz,,,,,,,True,,0.0,20.0,30.0,40.0,22.5
0qAbkepBWI2IsexF,,,,,,,True,,0.0,10.0,60.0,30.0,20.5
0qnr9jkLM3Q1FIxn,,,,,,,True,,10.0,20.0,60.0,30.0,26.5
0rQmhnOTWuSRRFta,,,,,,,True,,0.0,20.0,60.0,30.0,24.5
0rk1s1XuWmTjbBur,,,,,,,True,,0.0,10.0,60.0,30.0,20.5
0sDkBsN6dSH5jD1P,,,,,,,True,,0.0,10.0,20.0,30.0,14.5
0sh6VmDlDEQ5yHxE,,,,,,,True,,0.0,20.0,30.0,60.0,27.5
0uBeAe2LDmJqYq9X,,,,,,,True,,0.0,10.0,20.0,30.0,14.5
0veJ7lEuwn5Krl8V,,,,,,,True,,0.0,20.0,30.0,40.0,22.5
0w5KNUgXh5FmKcYz,,,,,,,True,,0.0,20.0,70.0,40.0,28.5
0wm1HqLu4ThzUoZj,,,,,,,True,,0.0,20.0,30.0,40.0,22.5
0x7CLKlC5bF8QKw4,,,,,,,True,,0.0,20.0,30.0,60.0,27.5
0ywPYWQA23Hs80Xe,,,,,,,True,,0.0,10.0,60.0,30.0,20.5
0yzdjCgzJLlDH5OJ,,,,,,,True,,10.0,30.0,60.0,40.0,33.0
0z7Z59DyN3LPlqkC,,,,,,,True,,0.0,20.0,30.0,40.0,22.5
0zQO0roVQTpwAjmL,,,,,,,True,,10.0,20.0,60.0,40.0,29.0
10QrhU8DPSyyasuA,,,,,,,True,,0.0,20.0,30.0,40.0,22.5
10gOcS95oX0kSphL,,,,,,,True,,0.0,20.0,60.0,30.0,24.5
114nzU7XAM7nmiFB,,,,,,,True,,0.0,10.0,20.0,30.0,14.5
11iuHKmFVcYPIuRH,,,,,,,True,,0.0,20.0,10.0,60.0,24.5
13h6IcSjyRyOLZh6,,,,,,,True,,0.0,20.0,30.0,40.0,22.5
13pQPV2nSeeFdnaQ,,,,,,,True,,0.0,20.0,10.0,60.0,24.5
148GoWNoan9NWwpM,,,,,,,True,,0.0,20.0,70.0,60.0,33.5
14IXk49pslIq7TaU,,,,,,,True,,0.0,10.0,10.0,30.0,13.0
14eGgIyKzMioXrq5,,,,,,,True,,0.0,20.0,60.0,40.0,27.0
15gGUNhshYgFmMmX,,,,,,,True,,0.0,10.0,10.0,20.0,10.5
15qhODBLk4TS3YFW,,,,,,,True,,0.0,10.0,10.0,30.0,13.0
15tNBocSL6yAz3CW,,,,,,,True,,0.0,20.0,70.0,30.0,26.0
16B9hYmKqtNGI2Yp,,,,,,,True,,0.0,20.0,30.0,60.0,27.5
16e55iHtdnopLWLE,,,,,,,True,,0.0,20.0,30.0,60.0,27.5
17EGzd8T7Z4ihxKL,,,,,,,True,,0.0,20.0,30.0,40.0,22.5
17MomXxIoWG0tmR1,,,,,,,True,,10.0,20.0,30.0,40.0,24.5
18UjwtvDYnHEwEgC,,,,,,,True,,0.0,20.0,10.0,60.0,24.5
18fCCrK19SfhXEBC,,,,,,,True,,30.0,20.0,60.0,40.0,33.0
19fRhOwWMgnlBItl,,,,,,,True,,0.0,20.0,60.0,40.0,27.0
1BJCFSYqRhJ5BPwl,,,,,,,True,,0.0,20.0,30.0,40.0,22.5
1BjRNfVdUGFo0Njk,,,,,,,True,,0.0,20.0,10.0,60.0,24.5
1BlKycOk8YTM2B8P,,,,,,,True,,0.0,10.0,70.0,30.0,22.0
1BqabeKeQX2P7V6u,,,,,,,True,,10.0,30.0,70.0,60.0,39.5
1C9RlZ46PTW6FeIA,,,,,,,True,,0.0,10.0,10.0,30.0,13.0
1DpgDn9K3tWBS6jr,,,,,,,True,,0.0,20.0,10.0,30.0,17.0
1FNA88rcSxnCC8p2,,,,,,,True,,0.0,20.0,30.0,60.0,27.5
1FnhRcitkyZsuMUZ,,,,,,,True,,0.0,20.0,60.0,30.0,24.5
1He1NsieDM2qkPXS,,,,,,,True,,0.0,20.0,30.0,60.0,27.5
1HuW8bQ2bDjHGQL9,,,,,,,True,,0.0,20.0,30.0,60.0,27.5
1IBeZ421t05ilM5o,,,,,,,True,,0.0,20.0,30.0,60.0,27.5
1IQ3BZVPaFSGf1Wp,,,,,,,True,,20.0,30.0,70.0,60.0,41.5
1J0VX8ck59Y7022i,,,,,,,True,,0.0,20.0,70.0,30.0,26.0
1J2dBwmmO6mYevmQ,,,,,,,True,,0.0,20.0,30.0,60.0,27.5
1JIyRk0e5EwTaPId,,,,,,,True,,0.0,20.0,30.0,60.0,27.5
1LkKJ4P9ajTHr8Pq,,,,,,,True,,20.0,30.0,60.0,40.0,35.0
1LoCqt5P2c0oQ5Lq,,,,,,,True,,0.0,20.0,30.0,40.0,22.5
1LrXN25dFz88Spt3,,,,,,,True,,0.0,20.0,30.0,40.0,22.5
1LsMAGOsnBq0wVpH,,,,,,,True,,0.0,20.0,30.0,40.0,22.5
1NUV8e9YtVPQo2c3,,,,,,,True,,0.0,10.0,20.0,30.0,14.5
1NYoYYtirPO2jsay,,,,,,,True,,0.0,20.0,60.0,40.0,27.0
1OHly3m7k3zZCAVo,,,,,,,True,,0.0,20.0,60.0,40.0,27.0
1OQyYV09ehJBG33b,,,,,,,True,,0.0,20.0,30.0,40.0,22.5
1OZHPQTQ5gyStCdM,,,,,,,True,,0.0,20.0,30.0,40.0,22.5
1PaOtNfdyVa4fHpA,,,,,,,True,,0.0,20.0,10.0,60.0,24.5
1RVuCVydhJZXHoar,,,,,,,True,,0.0,20.0,60.0,40.0,27.0
1S6xfB2gpBLzHfz3,,,,,,,True,,0.0,20.0,30.0,40.0,22.5
1S9BAdOg3Xr1UUr5,,,,,,,True,,0.0,10.0,20.0,30.0,14.5
1SSw2BiEvkGa9ahA,,,,,,,True,,0.0,20.0,60.0,30.0,24.5
1Uf9NYUG7jEmZtZI,,,,,,,True,,0.0,20.0,10.0,60.0,24.5
1V65QKQ1bg5tc4vB,,,,,,,True,,0.0,20.0,70.0,40.0,28.5
1VQZ8dS6YQpqJytO,,,,,,,True,,0.0,20.0,10.0,60.0,24.5
1VRzuhRKIiu19YnW,,,,,,,True,,0.0,20.0,30.0,40.0,22.5
1VhSU5dvy8Tov9PH,,,,,,,True,,0.0,20.0,70.0,40.0,28.5
1XD7EifgiCgSzHga,,,,,,,True,,20.0,30.0,70.0,60.0,41.5
1XRVLY91wFVMt1Fx,,,,,,,True,,0.0,10.0,20.0,30.0,14.5
1XfvSly9zx0vK2er,,,,,,,True,,0.0,20.0,30.0,40.0,22.5
1XwDnB73vQsSRa3s,,,,,,,True,,0.0,20.0,30.0,40.0,22.5
1YHqj2lEn3zV1iDU,,,,,,,True,,0.0,20.0,30.0,40.0,22.5
1ZMOluz98C1N7ESX,,,,,,,True,,0.0,20.0,60.0,40.0,27.0
1ZNkQXKXNddCzISB,,,,,,,True,,0.0,20.0,30.0,60.0,27.5
1Zs6KlbsKMnbT9As,,,,,,,True,,10.0,20.0,60.0,40.0,29.0
1b7lugSCyiOKJmmq,,,,,,,True,,0.0,10.0,20.0,30.0,14.5
1bga6jWiiUhkSzJ1,,,,,,,True,,0.0,20.0,70.0,30.0,26.0
1dZ7KBi8OyUlz5uH,,,,,,,True,,10.0,20.0,30.0,40.0,24.5
1eV8c36Mus9MyJAg,,,,,,,True,,0.0,30.0,80.0,60.0,39.0
1edBIb3eCD44Wb6n,,,,,,,True,,0.0,20.0,30.0,60.0,27.5
1hIfwyb2v2skEdDM,,,,,,,True,,0.0,20.0,30.0,40.0,22.5
1iphKVG7hHQ1L8X7,,,,,,,True,,0.0,10.0,30.0,20.0,13.5
